S. No,Zone. No,Div.No,UPHC Name,UPHC  Address
1,1,2,Kathivakkam,"No.3/392, Kathivakkam High Road, Ennore,Ch - 57 "
2,1,3,Ernavoor,"No.63 Block Tsunami Quarters, All India Nagar, Ernavoor,  Ch- 57"
3,1,4,Kuppam,"No.1,School Street, Jothi Nagar , Thiruvottiyur,  Ch -19"
4,1,11,Thiruvottiyur   ,"No.945, Thiruvottiyur High Road,Ch -19."
5,1,12,Sathangadu,"No.9A,Balakrishna Naidu Colony 2Nd Street, Kaladipet, Thiruvottiyur, Ch-19."
6,1,14,Thangal," No.3/2, Poongavanapuram, Kaladipet, Thiruvottiyur,          Ch - 19."
7,2,21,Manali  ,"No 1 Nedunchezian Salai, Manali Ch -68"
8,2,15,Manali New Town  ,"15T Main Road ,58Th Block, Manali New Town,     Ch -103"
9,3,22,Puzhal  ,"Gandhi Street , Puzhal . Ch - 66"
10,3,26,Madhavaram  ,"No 47, Swamy Nagar Madhavaram Ch - 60"
11,3,31,Kannabiran  ,"31 , Kannabiran Koil Street , Madhavaram . Ch - 60"
12,3,32,Lakshmipuram  ,"32 ,Gangai Amman Koil Street , Lakshmipuram, Ch - 99"
13,4,35,Kodungaiyur," No.15, Anna Salai, Kodungaiyur, Ch - 118"
14,4,36,"Vivekananda
 Nagar","No.39, Appar St, Vivekananda Nagar, Kodungaiyur, Ch - 118"
15,4,37,Vyasarpadi," No. 155A, 14Th Cross St, Mkb Nagar, Vyasarpadi, Ch - 39"
16,4,38,R.K.Nagar (N)," No.140, Annai Sandhya Nagar, 1St Street, Tondaiyarpet, Ch - 81"
17,4,47,"Harinarayana
Puram","Old Glass Factory Road, Korukkupet,             Ch-21, "
18,4,39,"New 
Washermenpet"," No.4, Chriyan Nagar 4Th St, New Washermenpet, Ch- 81"
19,4,40,Voc Nagar,"No.1, Chlliamman Koil St, Tondaiyarpet,       Ch - 81"
20,4,41,Korukkupet," No.15, Amman Koil St, Sivaji Nagar, Korukkupet, Ch - 21"
21,4,42,Jeeva Nagar ," No.602, T.H.Road, Tondaiyarpet, Ch- 81"
22,4,43,Tondiarpet ," Kasima Nagar 3Rd Street,Ch-13"
23,4,36,Sharma Nagar,"No.66,S.A.Colony,8Th Street,Vyasarpadi,Ch-39"
24,4,44,Perambur," No.100, Kamaraj Nagar 2nd St, Vyasarapadi, Ch - 11"
25,4,45,Elango Nagar," No.18, Dr. Ambedkar College Road, Vyasarpadi, Ch - 39"
26,4,45,"Sathiya
Moorthy Nagar","No.17,Sathyamoorthy Nagar Main Road,Vyasarpadi, Ch-39"
27,4,48,V.R.Nagar,"No.471,T.H. Road,Old Washermenpet,       Ch - 81"
28,5,49,Sanjeevarayanpet  ,"No.194, Solaiappar St, Ch- 21"
29,5,50,Grace Garden  ,"No.1, Venkatesan Street, Royapuram,         Ch-13. "
30,5,53,Kondithope  ,"No.60, Basin Bridge Road, Kondithope,         Ch-21."
31,5,54,P.K. Garden  ,"No.44, Walltax Road,Ch-79"
32,5,55,Seven Wells  ,"No.69, Amman Koil St, Ch - 1"
33,5,56,Brn Garden  ,"No.225, Broadway Road,Ch-1"
34,5,58,Perumalpet  ,"No.30,Kariappan St,Ch-7"
35,5,60,Harbour  ,"No.1, 4Th Lane Beach Road, Ch-01"
36,5,56,Amman Koil South  ,"No.8, Appu Maistry St, Ch- 1"
37,5,52,Ecr  ,"No.32, East Cementry Road, Ch- 21"
38,5,63,Pudupet  ,"No.22, Langs Garden St, Pudupet, Ch - 2"
39,5,62,Chinthathirpet     (Voluntary),"94 Cinganna Chtty Street Chindadhripet,     Ch-02"
40,5,58,Kadappa Rangaiyya     (Voluntary),"No.50, E.V.K Sampath Salai, Vepary,        Ch - 7,Hp
21 Kadappa Rangiya Street Periyamedu,      Ch-3"
41,6,64,Kolathur I,"Anjugam Nagar 3Rd Street Kolathur, Ch-99"
42,6,65,Kolathur II,"Srinivasa Nagar 3St, Ch-99. "
43,6,66,T.V.K.Nagar,"No:1 Pallavan Salai, Ch-11"
44,6,67,Agaram (S),No:9 Somiya St Agaram Ch-82.
45,6,68,Sembium,"No:238, Paper Mills Road ,Sembuim        Ch-11."
46,6,69,Siruvallur,"No:12 Kapilar St , Perambur Ch-11."
47,6,69,Nanagar (N),"No.43, Vasantha Garden Main St, Ayanavaram, Ch- 23"
48,6,73,Wadianagar," 
No:57, Cooks Road Ayanavaram Ch-23."
49,6,73,Pulianthope,"
No:40 Thruvengada Samy St Pulienthope Ch-12."
50,6,75,MMA Nagar,"
No:46 Subbraya 2Nd St, Nammalvarpet, Ch-12."
51,6,74,Thanthai Periyar,"
Chellappa Street Otteri Ch-12."
52,6,76,CS Nagar,"
No:1 Sachidhanandam St, Kosapet Ch-12."
53,6,77,K.P.Park,"
Demellows Road, Pulienthope Ch-112."
54,6,78,Choolai,No:23 Vijaya Vigneswarar Koil St Ch-112.
55,7,79,Oragadam  ,"No, 26, Gandhi High Road, Oragadam, Ambattur, Ch - 50"
56,7,80,Meenabedu  ,"No 1 Kvk Samy Street,Siddha Oragadam,Ambattur, Ch-53"
57,7,81,Venkatapuram   ,"South Park Street, Ch-53"
58,7,83,Korattur   ,"No. 32, Tnhb Street,32Nd, Pakthavatchalam School Back Side, Korattur Ambattur, Ch - 50"
59,7,85,Varadharajapuram   ,"No.3, Station Road, Varadharajapuram, Ambattur, Ch-50,"
60,7,86,Athipet   ,"Chinna Colony, Athipet,Ambattur, Ch- 53."
61,7,89,Padi Round Building  ,"Tvs Avenue Main Road,Near Ch Public School, Ch-101"
62,7,91,Mugappair (W)  ,"Kalamegam Salai,Mugappair W,Ch- 37"
63,7,93,Mugappair (E)  ,"Veeramamunivar Street, Mugappair, Ch-37"
64,8,94,Rajamangalam,"36, Rajamangalam Ist Main Rd, Villivakkam, Ch-49"
65,8,95,Agathiyar Nagar,"No.1, Venugopal St, Villiwakkam, Ch-49"
66,8,95,Villiwakkam ,"Manndy St, East Mada St, Villiwakkam,     Ch-49"
67,8,96,N.A.South,"1,Officer'S Colony, Ayanavaram, Ch-23"
68,8,97,Ayanvaram,"United India Nagar, Ayanavaram, Ch-23"
69,8,98,P.S.Nagar,"100, Aspiran Garden 1st street, Kilpauk,     Ch-10"
70,8,100,Aminjikarai West,"1,Pillaiyar Koil St, Naduvangarai, Ch - 40"
71,8,101,Bharathi Puram,"4th St, Shenoy Nagar, Ch-30"
72,8,"101, 102",Shenoy Nagar,"43, Pulla Avenue, Shenoy Nagar, Ch-30"
73,8,103,Kilpauk,"No.1, Temple St, New Avadi road, Kilpauk, Ch-10."
74,8,104,Purasaiwakkam,"Sundharam pillai street,Purusaivakkam,      Ch-07"
75,8,105,MMDA,"21/63, D - Block - Pandian St, 
M M D A Colony,Arumbakkam Ch - 106"
76,8,106,Aminjikarai East,"Collectrate Colony 6th Cross St,
Aminjikarai , Ch-29"
77,8,107,Chetpet,"No14.  School Rd, Chetpet, Ch - 31"
78,8,107,Mangalapuram,"Osan kulam ICDS (Voluntary Health Organization, Guilt of service) No.8, 8th street, mangalapuram, chetpet, Ch-31."
79,9,109,Periyar Nagar,"47/17,Sherfudeen St, Choolaimedu, Ch-94."
80,9,110,Pushpa Nagar,"Pushpa Nagar I Main Road, Nungampakkam, Ch-34."
81,9,"1,11,113",Thousand Lights,"82,Azizmulk 2 Street, Thousand Light,      Ch-06."
82,9,112,Vadapalani East,"1/3, Trustpuram Xth Street Kodampakkam Ch-002."
83,9,114,Community College,"Community Nursing College, 34, Arunachalam St,Chpak, Ch-05"
84,9,115,Zambazar,"Corporation Middle School  32,Thangavelu Vaithair St,Subramania Garden,Devarajamudali St,Triplicane, Ch-5"
85,9,"116, 120",Triplicane,"No.3, Dr.Besant Road, Triplicane, Ch -5"
86,9,117,S.M. Nagar,"Ramakamathupuram Kalayana Mandapam , Ramakamathupuram, Tnagar ,Ch-17"
87,9,"118, 119",Royapettah,"No.35, Ammaiappan Lane,Royapettah, Ch-14. "
88,9,"119, 120",Mirshahibpet,"No.5, Muthaiah Mudali Main St,Ch-14"
89,9,"119, 121",Krishnampet,"No.1, Meccapuram,Main Street,Ch-5."
90,9,"122, 123",Teynampet,"No.40, K.B.Dasan Raod, Teynampet, Ch-18, "
91,9,"119, 123",Beemanampet,"Multy Speciality,29 ,C P Ramasamy Road ,Alwarpet, Ch-1."
92,9,124,Mylapore,"No.22, Mundakanniaman Koil St, Mylapore, Ch-4."
93,9,"124, 125",Santhome,"No.14A, Appu 2nd Lane, Mylapore, Ch-4."
94,9,"123, 126",RA Puram,"No.17, R.K.Nagar Ii Main Road Road, R.A.Puram, Ch-28."
95,10,127,Koyambedu  ,"No. 44,  Natesa Nagar  5Th Main Road,  Virugambakkam   Ch - 92"
96,10,128,Virugambakkam  ,"No:77,Kamaraj Street, Virugambakkam,      Ch-92."
97,10,129,Dasarathapuram  ,"No:1/11,Dasaradhapuram,8Thst,SaligramamCh-93"
98,10,130,Vadapalani (W)  ,"1, Rajangamathiya Veethi, Thangakarai,Vadapalani, Ch -26"
99,10,131,FPAI ,"138, Kannigapuram 1st street, KK nagar, Ch-78"
100,10,132,Ashoknagar   ,"1/34, 35Th St, Ashok Nagar, Ch - 83."
101,10,133,Nallan Kuppam  ,"8/26, 5Th Avenue Road, Ashok Nagar,     Ch - 83."
102,10,134,Kodambakkam    ,"No : 65, Arcot Road, Kodambakkam,       Ch - 24"
103,10,136,T.Nagar ( S )  ,"5, Siva Gnanam Rd, T.Nagar, Ch -17"
104,10,137,Nesapakkam   ,"No : 1, Erikarai St, Bharathi Nagar Main Road, Nesapakkam,Ch - 78"
105,10,138,Jafferkhanpet   ,"No.1 Ayyavu Street, Jafferkhan Pet, Ch-83"
106,10,139,Saidapet ( W )   ,"No.2, Nd Link Street,R.R.Colony,Jafferkhan Pet, Ch 83"
107,10,140,Kumaran Nagar   ,"No.1 Govindhan Road, West Mambalam,     Ch 33. "
108,10,141,CIT Nagar   ,"No.54,4Th Main Road, C.I.T.Nagar,         Ch 15"
109,10,142,Saidapet   ," No. 2 West Jones Road, Saidapet, Ch -15"
110,11,146,Madhuravoyal  ,"285,Poonamalle High Rd,Madhuravoyal"
111,11,144,Nerkundram 1  ,"New colony Perumal koil street, 
Nerkundram, Ch-107"
112,11,148,Nerkundram 2   ,"Kamarajar Salai,Nerkundram Mettukuppam ,Ch-107"
113,11,153,Sakthi Nagar  ,"No 2,Sakthi Ngr Main Rd,Sakthi Ngr,Porur,Ch -116"
114,11,154,Ramapuram  ,"New colony Perumal koil street, 
Nerkundram, Ch-107"
115,12,156,Mugalivakkam   ,"Padasalai St, Opp Panchayat Office, Mugalivakkam,       Ch - 125"
116,12,160,Alandur  ,"No.12, Appavoo St, Alandur, Ch - 16"
117,12,162,Palavanthangal  ,"No.2, New Colony, 2Nd Cross St,
Palavanthangal Ch - 114"
118,12,163,Adhambakkam  1,"Mannadiamman Koil St, Adambakkam,     Ch - 88"
119,12,166,Nanganallur  ,"K K Nagar Main Rd, Ch - 114"
120,13,170,Ekattuthangal," No.67, V.G.P. Salai, Ch - 15 "
121,13,171,Kannammapet,"No.1, Hospital Road, Ch - 17 "
122,13,172,Kotturpuram,"No.23, Dhandayudhapani 2Nd St., Ch - 85"
123,13,173,Mandaveli,"No.10, Velayutham Raja St (D), Mandaveli, Ch-28."
124,13,174,Old Siddha Clinic,"Ttti Post,It Coridor, Taramani, Ch - 113"
125,13,176,Adyar,"No.1, 1St Avenue Besant Nagar, Ch-90"
126,13,177,Sastri Nagar,"No 4,Sasthri Nagar, Adambakkam Rd,
Ch 88"
127,13,177,Adambakkam 2,"153, TNHB 3Rd St, Adambakkam, Ch-88"
128,13,179,Velachery,"No.2, Sevanagar, Gandhi Road, VelaChry , Ch - 42"
129,13,180,SRKV,"Sri Ramakrishna Vivekananda 72/144, Lb Raod, Opp. Thyagaraja Theatre Tiruvanmiyur, Ch - 41"
130,13,182,Thiruvanmiyur,"No.2, Kamarajar Nagar, 8Th St, Thiruvanmiyur,Ch-41"
131,14,169,Puzhuthivakkam  ,"Ravanan Nagar 3Rd St, Puzhuthivakkam, Ch-91"
132,14,185,Pallavakkam  ,"East Coast Road, Palavakkam, Ch-41."
133,14,188,Madipakkam  ,"Kulakkarai St, Madipakkam, Near Bus Stand , Ch-91"
134,14,189,Pallikaranai  ,"No.1 Thulukanathamman Main Road , Panchayat Office ,Pallikaranai Ch-100"
135,14,191,Jalladayanpet  ,"No.6,Thiruvalluvar Street, Jalladayanpet, 
Ch-101 "
136,15,192,Neelangarai  ,"2/ 5, Kalaingar Karunanithi Main St, Kabaliswar Nagar, Neelangarai.Ch-115. "
137,15,193,Thuraipakkam      ,"Govt Phc, Rajiv Gandhi Salai,Panchayat Office Campus, Okkiyam Thoraipakkam,
Ch-97."
138,15,195,Kannagi Nagar  ,"Near Kannagi Nagar Amma Unavagam Kannakinagar,2Nd Main Road,Okkiyam Thoraipakkam,Ch-97"
139,15,199,Sholinganallur  ,"Neduncheliyan Salai Shozhinganallur , Opp To Aavin Booth   "
140,15,200,Semmancherry      ,"1St Main Road,Opp ToTsunami Nagar,  Bus Stop,Ch-119"
